id,first_name,last_name
1,Lisa,Garcia
2,Charles,King
3,Joshua,Johnson
4,Amanda,Jackson
5,Christopher,Williams
6,Susan,Nguyen
7,Deborah,Jones
8,Dorothy,Torres
9,Joseph,Moore
10,William,Brown
11,Deborah,Hernandez
12,Robert,Smith
13,Ashley,Thompson
14,Anthony,Anderson
15,James,Davis
16,David,Clark
17,Betty,Flores
18,Sarah,Taylor
19,Andrew,Young
20,Mark,Allen
21,Carol,Robinson
22,Emily,Taylor
23,Donald,Gonzalez
24,Kevin,Martin
25,Amanda,Wilson
26,Sandra,Hernandez
27,Sarah,Williams
28,Elizabeth,Hill
29,Linda,Scott
30,William,Lopez
31,Jessica,Miller
32,Brian,Davis
33,Matthew,Jackson
34,George,Miller
35,Ashley,Taylor
36,James,Allen
37,Linda,King
38,Deborah,Lewis
39,Christopher,Wilson
40,Kenneth,Scott
41,Mark,Hernandez
42,Deborah,Allen
43,Robert,Hill
44,Carol,Smith
45,Sandra,Miller
46,Thomas,Thomas
47,Melissa,Flores
48,Mark,Thompson
49,Elizabeth,Lewis
50,Sarah,Robinson
51,Mary,Jackson
52,Michael,Walker
53,Richard,Allen
54,Mary,Brown
55,Jessica,Rodriguez
56,Joshua,Nguyen
57,Dorothy,Williams
58,George,Williams
59,Linda,Clark
60,Lisa,Jackson
61,Lisa,Clark
62,James,Scott
63,Donald,Gonzalez
64,Michael,White
65,Barbara,Flores
66,Steven,Anderson
67,Michelle,Thompson
68,Anthony,King
69,David,King
70,John,Lewis
71,Jessica,Sanchez
72,Emily,Lee
73,Nancy,Torres
74,Nancy,Martinez
75,Richard,Harris
76,Elizabeth,Jones
77,Deborah,Davis
78,Michael,Taylor
79,Joshua,Martinez
80,Margaret,Williams
81,Jessica,Wright
82,Andrew,Lee
83,Betty,Wilson
84,Susan,Harris
85,David,Davis
86,Nancy,Williams
87,Steven,Taylor
88,Susan,Rodriguez
89,Ashley,Harris
90,George,Thompson
91,Donna,Walker
92,Carol,Perez
93,Joshua,Smith
94,Thomas,Robinson
95,Robert,White
96,Elizabeth,Lewis
97,Mark,Brown
98,John,Perez
99,James,Robinson
100,Melissa,Wright
101,Steven,Smith
102,Jennifer,Ramirez
103,Carol,Torres
104,Deborah,Lee
105,Ashley,Lewis
106,Matthew,King
107,Mary,Garcia
108,Melissa,Martin
109,Steven,Young
110,Sandra,Davis
111,Richard,Sanchez
112,Ashley,Clark
113,Jennifer,Davis
114,Nancy,Brown
115,Dorothy,Rodriguez
116,Elizabeth,Hill
117,Mary,Wilson
118,Kimberly,Davis
119,Paul,Thomas
120,Kevin,Clark
121,Melissa,Young
122,Michael,Perez
123,Jennifer,Clark
124,Amanda,Sanchez
125,Christopher,King
126,Jennifer,Nguyen
127,William,Gonzalez
128,Steven,Ramirez
129,Michelle,Allen
130,Barbara,Taylor
131,Robert,Lewis
132,Margaret,White
133,Brian,Robinson
134,Brian,White
135,Joshua,Hill
136,William,Walker
137,Thomas,Ramirez
138,Donna,Robinson
139,Edward,Torres
140,Brian,Lewis
141,Deborah,Williams
142,James,Walker
143,Emily,Allen
144,Andrew,Thomas
145,Donna,Thompson
146,Barbara,Martinez
147,Andrew,Perez
148,Michelle,Moore
149,Michael,Martin
150,Deborah,Hernandez
151,Kenneth,Taylor
152,David,Miller
153,Linda,Wilson
154,Melissa,Lopez
155,John,Young
156,Linda,Young
157,Michael,Wright
158,Michelle,Rodriguez
159,Kenneth,Wilson
160,Andrew,Taylor
161,John,Jones
162,Susan,Lopez
163,Lisa,Ramirez
164,Donna,Johnson
165,Charles,Sanchez
166,Mary,Thomas
167,Michelle,Martinez
168,Edward,Perez
169,John,Wilson
170,Charles,Walker
171,Deborah,Gonzalez
172,Joseph,Martinez
173,Susan,Perez
174,Edward,Allen
175,Brian,Smith
176,William,Williams
177,Edward,Thompson
178,Richard,Miller
179,Barbara,Hill
180,Thomas,Anderson
181,Linda,Thomas
182,Sarah,Clark
183,Susan,Jones
184,Charles,Nguyen
185,Kenneth,Sanchez
186,Kenneth,Rodriguez
187,John,Miller
188,Mark,Wright
189,Robert,King
190,Margaret,Torres
191,George,Clark
192,Richard,Scott
193,Elizabeth,Ramirez
194,Michelle,Scott
195,Melissa,Wright
196,James,Hill
197,Joshua,Perez
198,Jessica,Jackson
199,Daniel,Thompson
200,Kenneth,Sanchez
201,Sarah,Sanchez
202,Steven,Taylor
203,Donna,Lee
204,Michelle,Wright
205,Sarah,Scott
206,Kevin,Allen
207,Matthew,Rodriguez
208,Amanda,White
209,George,Clark
210,Richard,Lee
211,Elizabeth,Robinson
212,Nancy,Garcia
213,Anthony,Lee
214,Michelle,Brown
215,Emily,Jones
216,Kenneth,Lewis
217,Anthony,Hernandez
218,Kevin,Hill
219,Robert,Harris
220,James,Anderson
221,Joseph,Torres
222,Linda,Taylor
223,Daniel,Brown
224,Edward,Harris
225,Sarah,Lee
226,Edward,Lopez
227,Sarah,Johnson
228,Lisa,Moore
229,Barbara,Allen
230,Edward,Young
231,John,King
232,Andrew,Perez
233,Amanda,Smith
234,Matthew,Martinez
235,David,Ramirez
236,Linda,Young
237,Donna,King
238,Kevin,Young
239,William,Martin
240,Kevin,Perez
241,Daniel,Perez
242,Mary,Moore
243,Kimberly,Anderson
244,Edward,Lopez
245,Robert,Martinez
246,Ashley,Walker
247,Karen,Lopez
248,Daniel,Gonzalez
249,Mary,Rodriguez
250,Patricia,Torres
251,Edward,White
252,Donna,Sanchez
253,Kevin,King
254,Kimberly,Clark
255,Donald,Scott
256,Lisa,Williams
257,Sarah,White
258,Patricia,Moore
259,Nancy,Jackson
260,Karen,Jones
261,Barbara,Smith
262,Elizabeth,Sanchez
263,John,Martinez
264,Steven,Rodriguez
265,Jessica,Miller
266,Mary,Miller
267,Amanda,Moore
268,Anthony,Perez
269,Linda,Harris
270,Dorothy,Williams
271,Jessica,Torres
272,Christopher,Thompson
273,John,Clark
274,Barbara,Allen
275,Karen,Jackson
276,Charles,Martinez
277,Michael,Taylor
278,Linda,Williams
279,Amanda,Thomas
280,Melissa,Miller
281,Carol,Martin
282,Lisa,Young
283,Kimberly,Hill
284,Emily,Harris
285,Michelle,Moore
286,Andrew,King
287,Mark,Johnson
288,Deborah,Flores
289,Paul,Wilson
290,Edward,King
291,Edward,Nguyen
292,Lisa,Lewis
293,Kevin,Miller
294,Lisa,Lewis
295,Matthew,Miller
296,Steven,Smith
297,Daniel,Anderson
298,Dorothy,Garcia
299,Donna,Martin
300,Richard,Wright
301,Charles,Flores
302,Kenneth,Gonzalez
303,John,Lewis
304,Richard,Johnson
305,Dorothy,Scott
306,Kevin,Hill
307,Linda,Williams
308,John,Davis
309,Patricia,Miller
310,Patricia,Harris
311,Matthew,Johnson
312,Joshua,Jackson
313,Michelle,Hernandez
314,Joshua,Johnson
315,Carol,Young
316,Kenneth,King
317,James,Nguyen
318,Karen,Ramirez
319,William,Rodriguez
320,Andrew,Wright
321,Kevin,Lee
322,Patricia,Smith
323,James,Thomas
324,John,Davis
325,Anthony,King
326,Edward,Torres
327,Joseph,Torres
328,Kevin,White
329,Christopher,Johnson
330,Kevin,Wilson
331,Betty,Brown
332,Lisa,Jackson
333,Daniel,Anderson
334,Kenneth,Hill
335,Michael,Allen
336,Linda,Hernandez
337,Carol,Allen
338,Edward,Sanchez
339,Sandra,Davis
340,Andrew,Martinez
341,Kimberly,Flores
342,Anthony,Johnson
343,Brian,Brown
344,Barbara,Hernandez
345,Christopher,Anderson
346,Robert,Anderson
347,Robert,Garcia
348,David,Walker
349,Andrew,Johnson
350,George,Davis
351,Joseph,Jones
352,Sarah,White
353,Mary,Ramirez
354,Kenneth,Nguyen
355,Amanda,Anderson
356,Melissa,Allen
357,Robert,Walker
358,Margaret,Walker
359,Mark,Williams
360,Deborah,Johnson
361,Linda,Harris
362,Brian,Anderson
363,Emily,Clark
364,Donna,Hernandez
365,Patricia,Scott
366,Karen,Wright
367,Nancy,Nguyen
368,Paul,King
369,Carol,Davis
370,William,Wilson
371,James,Flores
372,Matthew,Robinson
373,Michael,Johnson
374,John,Thompson
375,George,Johnson
376,Ashley,Martin
377,Carol,Brown
378,Sarah,Lewis
379,Betty,Robinson
380,Kevin,Ramirez
381,Emily,Jones
382,Paul,Hill
383,Mark,Robinson
384,Kevin,Jones
385,Joseph,Ramirez
386,Paul,Taylor
387,Thomas,Brown
388,Michelle,Torres
389,Sarah,Hernandez
390,Paul,Wilson
391,Jennifer,Hernandez
392,Michael,Brown
393,Lisa,Scott
394,Karen,Nguyen
395,Emily,Anderson
396,Deborah,White
397,Donald,Davis
398,Deborah,Brown
399,Charles,Harris
400,John,King
401,Lisa,Harris
402,Thomas,Sanchez
403,Kimberly,Perez
404,Kimberly,Allen
405,Jessica,Flores
406,Linda,Scott
407,Robert,Davis
408,Thomas,Perez
409,Melissa,Lopez
410,Jessica,Johnson
411,Deborah,Garcia
412,Robert,Harris
413,Steven,Wilson
414,Sarah,Davis
415,Donald,Ramirez
416,Margaret,Young
417,Steven,White
418,Dorothy,Hill
419,Patricia,Lewis
420,Kenneth,Thompson
421,Deborah,Martinez
422,Sarah,Anderson
423,Susan,Flores
424,Michael,Smith
425,Robert,King
426,Patricia,Johnson
427,Sandra,Flores
428,Karen,Sanchez
429,Anthony,Moore
430,Joshua,Hernandez
431,Charles,Davis
432,Linda,Lewis
433,Brian,Young
434,James,Robinson
435,Mary,Torres
436,Dorothy,Wright
437,Margaret,Thomas
438,William,Hill
439,Barbara,Clark
440,Nancy,Martin
441,Edward,Scott
442,David,Lopez
443,Nancy,Lee
444,Donald,Scott
445,Emily,Allen
446,Matthew,Davis
447,Jennifer,Torres
448,Thomas,Davis
449,Jennifer,Hill
450,Donna,Jones
451,Matthew,Jackson
452,Edward,Lopez
453,James,Anderson
454,William,Lee
455,Andrew,White
456,Richard,Clark
457,Ashley,Smith
458,Margaret,Gonzalez
459,Paul,Miller
460,Elizabeth,Taylor
461,Steven,Garcia
462,Karen,Rodriguez
463,Ashley,Anderson
464,Joshua,Hill
465,Carol,King
466,Elizabeth,Thomas
467,Michelle,Davis
468,George,Robinson
469,Kenneth,Wright
470,Carol,Young
471,Jessica,Ramirez
472,David,Davis
473,Christopher,Thompson
474,Daniel,Clark
475,Thomas,Torres
476,Dorothy,Garcia
477,Andrew,Gonzalez
478,Donald,Taylor
479,Daniel,Lopez
480,Andrew,Harris
481,Donna,Thompson
482,Lisa,Moore
483,Andrew,Walker
484,John,Lewis
485,Robert,Nguyen
486,Joshua,Lopez
487,Robert,Smith
488,Sandra,Jones
489,Mary,Perez
490,Margaret,Torres
491,Mark,Johnson
492,Donna,Flores
493,Mark,Moore
494,Edward,Thompson
495,Patricia,Thomas
496,George,Taylor
497,John,Moore
498,Betty,Clark
499,Amanda,Jackson
500,Sarah,Smith
501,David,Wright
502,Anthony,Thomas
503,Thomas,Williams
504,Edward,Lopez
505,Michelle,King
506,Joseph,Lewis
507,Thomas,Thomas
508,Edward,Lopez
509,Betty,Scott
510,George,Walker
511,Amanda,Rodriguez
512,Brian,Nguyen
513,Sandra,Gonzalez
514,Daniel,Torres
515,Charles,Ramirez
516,Elizabeth,Johnson
517,Joshua,Torres
518,Barbara,Scott
519,Edward,Williams
520,Andrew,Walker
521,Charles,White
522,Barbara,Sanchez
523,Sarah,Taylor
524,Sandra,Sanchez
525,Karen,Smith
526,Deborah,Williams
527,Deborah,Allen
528,Charles,Lopez
529,Dorothy,Allen
530,George,Torres
531,Carol,Torres
532,Amanda,Martin
533,John,Young
534,Jennifer,Martin
535,Karen,Wright
536,Jessica,Scott
537,Donald,Jackson
538,Jessica,Robinson
539,William,Thompson
540,Andrew,Lee
541,Richard,Wilson
542,Carol,Miller
543,Sandra,Nguyen
544,Edward,Scott
545,Robert,King
546,Daniel,Wright
547,Robert,Lee
548,Anthony,Jones
549,Donald,Walker
550,Donald,Clark
551,Michelle,Davis
552,Sandra,Wright
553,Dorothy,Ramirez
554,Mark,Jackson
555,Ashley,Rodriguez
556,Linda,Moore
557,Joseph,Miller
558,Dorothy,Williams
559,Kimberly,Martinez
560,Emily,Gonzalez
561,Paul,Lee
562,Sandra,Williams
563,Jennifer,Johnson
564,Mary,Lee
565,William,Miller
566,Donald,Williams
567,William,Wright
568,Brian,Sanchez
569,Melissa,Jones
570,George,Young
571,Ashley,Wright
572,Kenneth,Garcia
573,Ashley,Wilson
574,Sarah,Miller
575,Donald,Lewis
576,James,Nguyen
577,Donna,Lopez
578,Susan,Walker
579,Kenneth,White
580,Kenneth,Perez
581,Dorothy,Hill
582,Barbara,Allen
583,Andrew,Williams
584,Kevin,Harris
585,Dorothy,Jackson
586,Amanda,White
587,Elizabeth,Harris
588,Joshua,Anderson
589,Daniel,White
590,Karen,Martin
591,Jennifer,Brown
592,Elizabeth,Smith
593,Barbara,King
594,Karen,Thomas
595,Thomas,Perez
596,Kenneth,Sanchez
597,Kimberly,Robinson
598,Nancy,Williams
599,Donna,Hill
600,Michael,Thomas
601,Mark,Martinez
602,James,Brown
603,Charles,Young
604,James,Jackson
605,Steven,Lee
606,Christopher,Lopez
607,Nancy,Lee
608,Kenneth,Williams
609,James,Wright
610,Dorothy,Torres
611,Kimberly,Taylor
612,Michael,Flores
613,Karen,Rodriguez
614,Robert,Lopez
615,Sarah,Young
616,David,Walker
617,Sandra,Anderson
618,James,Anderson
619,Daniel,Smith
620,Donald,Lewis
621,Edward,Ramirez
622,Margaret,Hill
623,Joseph,Taylor
624,Karen,Robinson
625,Michael,Harris
626,Karen,Gonzalez
627,Andrew,Taylor
628,Steven,Miller
629,Deborah,Wright
630,Melissa,Rodriguez
631,Nancy,Harris
632,Michael,King
633,Kimberly,Flores
634,Andrew,Walker
635,Daniel,Young
636,Melissa,Nguyen
637,Michael,Nguyen
638,William,Perez
639,Deborah,Lopez
640,Lisa,Taylor
641,Margaret,Rodriguez
642,Richard,Wilson
643,Emily,Lee
644,Donna,Smith
645,Thomas,Brown
646,Thomas,Johnson
647,Kenneth,Ramirez
648,Jessica,Miller
649,Susan,Allen
650,Donna,Robinson
651,Brian,Harris
652,Nancy,Smith
653,Carol,King
654,Jessica,Scott
655,Nancy,Lewis
656,John,Thomas
657,Donald,Perez
658,Matthew,Clark
659,Anthony,White
660,William,Thompson
661,Michelle,Harris
662,Barbara,Thomas
663,Susan,Moore
664,Patricia,Wilson
665,Donald,Williams
666,Kimberly,Lee
667,Joseph,Sanchez
668,Karen,Wright
669,Donald,Smith
670,William,Miller
671,Karen,Wilson
672,Linda,Rodriguez
673,Brian,Davis
674,Barbara,Thompson
675,Linda,Hernandez
676,Joseph,Garcia
677,David,Flores
678,Andrew,Rodriguez
679,Jessica,Hill
680,Anthony,Davis
681,Emily,Harris
682,William,Taylor
683,Melissa,Lopez
684,James,Johnson
685,Deborah,Lee
686,Joshua,White
687,Amanda,Johnson
688,Robert,Wright
689,Deborah,Thomas
690,David,Gonzalez
691,Susan,Nguyen
692,Mark,Taylor
693,Charles,Jones
694,Emily,Lopez
695,Brian,Smith
696,Jennifer,King
697,Amanda,Wilson
698,Emily,Garcia
699,Dorothy,Allen
700,Barbara,Wright
701,Donald,Wilson
702,Joseph,Scott
703,Michael,Lopez
704,Andrew,Taylor
705,Sandra,Davis
706,Michelle,Brown
707,Paul,Torres
708,James,Gonzalez
709,Kimberly,Davis
710,Lisa,Lee
711,Elizabeth,Taylor
712,Deborah,Johnson
713,Donna,Allen
714,Matthew,Nguyen
715,Melissa,Wilson
716,Paul,Young
717,Kevin,White
718,Barbara,Smith
719,Charles,Garcia
720,Deborah,Miller
721,Robert,Smith
722,Christopher,Thompson
723,Joshua,Harris
724,Nancy,Johnson
725,Michelle,Young
726,Brian,Sanchez
727,Joseph,Brown
728,Andrew,Johnson
729,Anthony,Rodriguez
730,Andrew,King
731,Jennifer,Lopez
732,Anthony,Johnson
733,Donna,Miller
734,Nancy,Gonzalez
735,Lisa,Anderson
736,Sandra,Wright
737,William,Smith
738,James,Rodriguez
739,Daniel,Moore
740,Sandra,Davis
741,Anthony,Flores
742,Melissa,Williams
743,Charles,Scott
744,Jennifer,Lopez
745,Michelle,Williams
746,Matthew,Thompson
747,James,Harris
748,Linda,Nguyen
749,Matthew,Smith
750,Christopher,Hill
751,Melissa,Martin
752,Thomas,Miller
753,Daniel,Brown
754,Susan,Lopez
755,Emily,Wilson
756,Betty,Sanchez
757,Paul,Ramirez
758,Patricia,Jackson
759,David,Wright
760,Charles,Clark
761,Andrew,Davis
762,Joshua,Flores
763,Sandra,Robinson
764,Lisa,King
765,David,Lopez
766,Nancy,Thompson
767,Sarah,King
768,Kimberly,Thomas
769,James,Hernandez
770,Jennifer,Scott
771,William,Flores
772,John,Hernandez
773,Michelle,Thompson
774,Amanda,Rodriguez
775,Mark,Martinez
776,Linda,Taylor
777,Barbara,Hill
778,Elizabeth,Jones
779,David,Martin
780,Christopher,Flores
781,Susan,Walker
782,David,Brown
783,John,King
784,Sarah,Brown
785,George,Smith
786,Charles,Scott
787,David,Harris
788,Sandra,Young
789,Mary,Harris
790,Mark,Rodriguez
791,Kenneth,Rodriguez
792,Joseph,Clark
793,Margaret,Wilson
794,Paul,Thomas
795,Michael,Davis
796,James,Nguyen
797,Amanda,White
798,David,Harris
799,George,Scott
800,Edward,Johnson
801,Jessica,Martin
802,Kimberly,Brown
803,Paul,Williams
804,Paul,Martinez
805,Amanda,Nguyen
806,George,Jones
807,Edward,Lopez
808,Joseph,Smith
809,Melissa,Taylor
810,Nancy,Lee
811,Christopher,Miller
812,Elizabeth,Wilson
813,Jessica,Lee
814,Donald,Allen
815,Paul,Miller
816,Charles,Anderson
817,Nancy,Hill
818,John,Flores
819,George,Young
820,Emily,Nguyen
821,Joshua,Martinez
822,Jessica,Walker
823,Donna,Thompson
824,Patricia,Thomas
825,Linda,Hernandez
826,George,Martinez
827,Deborah,Hernandez
828,Sarah,Torres
829,Kenneth,Jones
830,Jennifer,Clark
831,Sandra,Hernandez
832,John,Johnson
833,Sandra,Wilson
834,Deborah,Scott
835,Michael,Miller
836,Christopher,Hernandez
837,Margaret,Clark
838,Matthew,Ramirez
839,Linda,Wilson
840,Kimberly,Nguyen
841,Nancy,Smith
842,Charles,Robinson
843,Charles,Hernandez
844,Susan,Clark
845,Sandra,Jones
846,Richard,Walker
847,Andrew,Miller
848,Anthony,Lee
849,Andrew,Harris
850,Ashley,Lee
851,Lisa,Nguyen
852,Linda,Wright
853,Andrew,Flores
854,Kevin,Thompson
855,Susan,Gonzalez
856,Betty,Allen
857,Donna,Perez
858,Emily,King
859,James,Johnson
860,Andrew,Ramirez
861,David,Wright
862,Edward,Allen
863,Margaret,Allen
864,Karen,Anderson
865,Donna,Lopez
866,Michelle,Taylor
867,Betty,Hernandez
868,Sandra,King
869,Karen,King
870,Daniel,Robinson
871,Jessica,Martin
872,Linda,Miller
873,Anthony,Garcia
874,Nancy,Flores
875,Elizabeth,Torres
876,William,Thompson
877,Charles,Thompson
878,Deborah,Rodriguez
879,Deborah,Thomas
880,George,Williams
881,Patricia,Thompson
882,Betty,Robinson
883,Kenneth,Taylor
884,Robert,Scott
885,Ashley,Wilson
886,Robert,Clark
887,Jessica,Clark
888,Patricia,Harris
889,Paul,Flores
890,Joseph,Walker
891,Matthew,Brown
892,Karen,Robinson
893,Thomas,Flores
894,Dorothy,Brown
895,Thomas,Allen
896,Barbara,Hernandez
897,Christopher,Clark
898,Steven,Robinson
899,Betty,Williams
900,Joshua,Robinson
901,Michael,Brown
902,John,Anderson
903,Brian,Lewis
904,Karen,King
905,Daniel,Martinez
906,Kevin,Johnson
907,Sarah,Martinez
908,Kenneth,Taylor
909,Joseph,Moore
910,Michael,Scott
911,Ashley,Flores
912,Robert,Smith
913,Lisa,Martinez
914,Melissa,Williams
915,Paul,Ramirez
916,Charles,Flores
917,Mark,Brown
918,Kevin,Robinson
919,Steven,Lopez
920,Susan,Walker
921,Patricia,White
922,Susan,Jones
923,Amanda,Sanchez
924,Christopher,Lewis
925,Edward,Harris
926,Michelle,Nguyen
927,Donna,Jackson
928,Anthony,Walker
929,Steven,Thompson
930,Amanda,Jones
931,Kenneth,Wright
932,Karen,Jones
933,Joshua,Smith
934,Linda,Taylor
935,Melissa,Hernandez
936,Carol,Clark
937,Linda,Thomas
938,Joshua,Wright
939,Elizabeth,Thomas
940,Kimberly,Robinson
941,Elizabeth,Thomas
942,Thomas,Thompson
943,Paul,Jones
944,Sarah,Hernandez
945,Charles,Young
946,Deborah,Miller
947,Amanda,Robinson
948,Richard,Allen
949,Barbara,Hill
950,Linda,Smith
951,Kevin,Flores
952,Thomas,White
953,Karen,Smith
954,Paul,Rodriguez
955,Sandra,Perez
956,Donna,Nguyen
957,William,Ramirez
958,Linda,Lopez
959,Kenneth,Gonzalez
960,Susan,Perez
961,Ashley,Thomas
962,Donna,Wilson
963,Robert,Davis
964,Thomas,Gonzalez
965,Joseph,Perez
966,Kimberly,Jackson
967,Michelle,Torres
968,Joseph,Hernandez
969,David,Torres
970,Kevin,Torres
971,Jessica,King
972,James,Gonzalez
973,Elizabeth,Taylor
974,Carol,Taylor
975,Deborah,Sanchez
976,Dorothy,Wright
977,Ashley,Brown
978,Andrew,Miller
979,Betty,White
980,Mark,Wright
981,John,Ramirez
982,George,Walker
983,Ashley,Martin
984,Richard,Martinez
985,Anthony,Lopez
986,Ashley,Robinson
987,Emily,Jones
988,Lisa,Flores
989,Edward,Harris
990,Susan,Clark
991,Matthew,Smith
992,Susan,Harris
993,Lisa,Hill
994,Mark,Taylor
995,Charles,Robinson
996,Patricia,Anderson
997,Kimberly,King
998,William,Lopez
999,Jessica,Jones
1000,Robert,Allen